-- MySQL dump 10.13  Distrib 8.0.45, for Linux (x86_64)
--
-- Host: localhost    Database: workout_tracker
-- ------------------------------------------------------
-- Server version	8.0.45-0ubuntu0.24.04.1

/*!40101 SET @OLD_CHARACTER_SET_CLIENT=@@CHARACTER_SET_CLIENT */;
/*!40101 SET @OLD_CHARACTER_SET_RESULTS=@@CHARACTER_SET_RESULTS */;
/*!40101 SET @OLD_COLLATION_CONNECTION=@@COLLATION_CONNECTION */;
/*!50503 SET NAMES utf8mb4 */;
/*!40103 SET @OLD_TIME_ZONE=@@TIME_ZONE */;
/*!40103 SET TIME_ZONE='+00:00' */;
/*!40014 SET @OLD_UNIQUE_CHECKS=@@UNIQUE_CHECKS, UNIQUE_CHECKS=0 */;
/*!40014 SET @OLD_FOREIGN_KEY_CHECKS=@@FOREIGN_KEY_CHECKS, FOREIGN_KEY_CHECKS=0 */;
/*!40101 SET @OLD_SQL_MODE=@@SQL_MODE, SQL_MODE='NO_AUTO_VALUE_ON_ZERO' */;
/*!40111 SET @OLD_SQL_NOTES=@@SQL_NOTES, SQL_NOTES=0 */;

--
-- Table structure for table `exercises`
--

DROP TABLE IF EXISTS `exercises`;
/*!40101 SET @saved_cs_client     = @@character_set_client */;
/*!50503 SET character_set_client = utf8mb4 */;
CREATE TABLE `exercises` (
  `id` bigint unsigned NOT NULL AUTO_INCREMENT,
  `name` varchar(255) NOT NULL,
  `category` varchar(255) NOT NULL,
  `created_at` bigint unsigned DEFAULT NULL,
  `updated_at` bigint unsigned DEFAULT NULL,
  PRIMARY KEY (`id`)
) ENGINE=InnoDB AUTO_INCREMENT=68 DEFAULT CHARSET=utf8mb4 COLLATE=utf8mb4_0900_ai_ci;
/*!40101 SET character_set_client = @saved_cs_client */;

--
-- Dumping data for table `exercises`
--

LOCK TABLES `exercises` WRITE;
/*!40000 ALTER TABLE `exercises` DISABLE KEYS */;
INSERT INTO `exercises` VALUES (1,'Bench Press','Chest',1773363077000,1773363077000),(2,'Incline Bench Press','Chest',1773363077000,1773363077000),(3,'Dumbbell Fly','Chest',1773363077000,1773363077000),(4,'Squat','Legs',1773363077000,1773363077000),(5,'Leg Press','Legs',1773363077000,1773363077000),(6,'Romanian Deadlift','Legs',1773363077000,1773363077000),(7,'Leg Curl','Legs',1773363077000,1773363077000),(8,'Calf Raise','Legs',1773363077000,1773363077000),(9,'Deadlift','Back',1773363077000,1773363077000),(10,'Pull Up','Back',1773363077000,1773363077000),(11,'Lat Pulldown','Back',1773363077000,1773363077000),(12,'Barbell Row','Back',1773363077000,1773363077000),(13,'Overhead Press','Shoulders',1773363077000,1773363077000),(14,'Lateral Raise','Shoulders',1773363077000,1773363077000),(15,'Face Pull','Shoulders',1773363077000,1773363077000),(16,'Bicep Curl','Arms',1773363077000,1773363077000),(17,'Hammer Curl','Arms',1773363077000,1773363077000),(18,'Tricep Pushdown','Arms',1773363077000,1773363077000),(19,'Skull Crusher','Arms',1773363077000,1773363077000),(20,'Plank','Core',1773363077000,1773363077000),(22,'Preacher Curl','Arms',1773363134000,1773363134000),(23,'Forearm Curl','Arms',1773363134000,1773363134000),(26,'Seated Dip','Chest',1773363134000,1773363134000),(29,'Diverging Seated Row','Back',1773363077000,1773363077000),(35,'Rotary Torso','Core',1773363134000,1773363134000),(36,'Diverging Lat Pulldown','Back',1773363077000,1773363077000),(37,'Crunch','Core',1773363134000,1773363134000),(38,'Plank Hold','Core',1773363134000,1773363134000),(39,'Curl','Arms',1773363134000,1773363134000),(40,'Extension','Other',1773363134000,1773363134000),(41,'Back Extension','Back',1773363077000,1773363077000),(42,'Leg Extension','Legs',1773363077000,1773363077000),(43,'Dip','Chest',1773363134000,1773363134000),(45,'Twist','Core',1773363134000,1773363134000),(47,'Shrug','Shoulders',1773363134000,1773363134000),(50,'Press','Shoulders',1773363134000,1773363134000),(51,'Raise','Shoulders',1773363134000,1773363134000),(52,'Curl Alt','Arms',1773363134000,1773363134000),(53,'Extension Alt','Arms',1773363134000,1773363134000),(54,'Fly','Chest',1773363134000,1773363134000),(55,'Pull','Back',1773363134000,1773363134000),(56,'Decline Press','Chest',1773363077000,1773363077000),(59,'Pec Fly','Chest',1773363077000,1773363077000),(60,'Low Back - Roc It','Back',1773363077000,1773363077000),(61,'Shoulder Press - Machine','Shoulders',1773363077000,1773363077000),(63,'Chest Press','Chest',1773363077000,1773363077000),(64,'Converging Chest Press','Chest',1773518474,1773518474),(65,'Shrugs','Shoulders',1773518474,1773518474),(66,'Tricep Extensions','Arms',1773518474,1773518474),(67,'Arm Curl','Arms',1773518474,1773518474);
/*!40000 ALTER TABLE `exercises` ENABLE KEYS */;
UNLOCK TABLES;

--
-- Table structure for table `goals`
--

DROP TABLE IF EXISTS `goals`;
/*!40101 SET @saved_cs_client     = @@character_set_client */;
/*!50503 SET character_set_client = utf8mb4 */;
CREATE TABLE `goals` (
  `id` bigint unsigned NOT NULL AUTO_INCREMENT,
  `user_id` bigint unsigned NOT NULL,
  `title` varchar(255) NOT NULL,
  `target_value` decimal(10,2) DEFAULT NULL,
  `current_value` decimal(10,2) DEFAULT NULL,
  `unit` varchar(50) DEFAULT NULL,
  `deadline` bigint unsigned DEFAULT NULL,
  `created_at` bigint unsigned DEFAULT NULL,
  `updated_at` bigint unsigned DEFAULT NULL,
  PRIMARY KEY (`id`),
  KEY `idx_user_id` (`user_id`)
) ENGINE=InnoDB DEFAULT CHARSET=utf8mb4 COLLATE=utf8mb4_0900_ai_ci;
/*!40101 SET character_set_client = @saved_cs_client */;

--
-- Dumping data for table `goals`
--

LOCK TABLES `goals` WRITE;
/*!40000 ALTER TABLE `goals` DISABLE KEYS */;
/*!40000 ALTER TABLE `goals` ENABLE KEYS */;
UNLOCK TABLES;

--
-- Table structure for table `routine_exercises`
--

DROP TABLE IF EXISTS `routine_exercises`;
/*!40101 SET @saved_cs_client     = @@character_set_client */;
/*!50503 SET character_set_client = utf8mb4 */;
CREATE TABLE `routine_exercises` (
  `id` bigint unsigned NOT NULL AUTO_INCREMENT,
  `routine_id` bigint unsigned NOT NULL,
  `exercise_id` bigint unsigned NOT NULL,
  `order_index` int DEFAULT '0',
  `target_sets` int DEFAULT NULL,
  `target_reps` int DEFAULT NULL,
  `target_weight` decimal(8,2) DEFAULT NULL,
  `created_at` bigint unsigned DEFAULT NULL,
  `updated_at` bigint unsigned DEFAULT NULL,
  PRIMARY KEY (`id`),
  KEY `idx_routine_id` (`routine_id`)
) ENGINE=InnoDB AUTO_INCREMENT=35 DEFAULT CHARSET=utf8mb4 COLLATE=utf8mb4_0900_ai_ci;
/*!40101 SET character_set_client = @saved_cs_client */;

--
-- Dumping data for table `routine_exercises`
--

LOCK TABLES `routine_exercises` WRITE;
/*!40000 ALTER TABLE `routine_exercises` DISABLE KEYS */;
INSERT INTO `routine_exercises` VALUES (1,2,5,3,4,10,150.00,1773620307379,1773620307379),(2,2,7,4,3,12,75.00,1773620307379,1773620307379),(3,2,41,1,4,10,90.00,1773620307379,1773620307379),(4,2,42,5,3,12,75.00,1773620307379,1773620307379),(5,2,60,2,3,12,35.00,1773620307379,1773620307379),(6,2,35,9,3,12,30.00,1773620307379,1773620307379),(7,2,37,8,4,12,35.00,1773620307379,1773620307379),(8,2,49,6,4,12,50.00,1773620307379,1773620307379),(9,3,14,7,3,12,30.00,1773620332974,1773620332974),(10,3,41,1,3,10,85.00,1773620332974,1773620332974),(11,3,59,5,3,12,55.00,1773620332974,1773620332974),(12,3,60,2,3,10,30.00,1773620332974,1773620332974),(13,3,61,6,4,10,40.00,1773620332974,1773620332974),(14,3,63,3,4,10,70.00,1773620332974,1773620332974),(15,3,64,4,3,10,60.00,1773620332974,1773620332974),(16,3,66,9,4,12,50.00,1773620332974,1773620332974),(17,3,26,8,3,12,90.00,1773620332974,1773620332974),(18,4,5,3,4,10,155.00,1773620356588,1773620356588),(19,4,7,4,3,12,80.00,1773620356588,1773620356588),(20,4,41,1,4,10,95.00,1773620356588,1773620356588),(21,4,42,5,3,12,80.00,1773620356588,1773620356588),(22,4,60,2,3,12,35.00,1773620356588,1773620356588),(23,4,35,9,3,12,30.00,1773620356588,1773620356588),(24,4,37,8,4,12,35.00,1773620356588,1773620356588),(25,4,49,6,4,12,55.00,1773620356588,1773620356588),(26,5,11,6,3,10,70.00,1773620381487,1773620381487),(27,5,12,3,4,10,60.00,1773620381487,1773620381487),(28,5,16,8,4,10,45.00,1773620381487,1773620381487),(29,5,29,4,4,10,70.00,1773620381487,1773620381487),(30,5,36,5,4,10,70.00,1773620381487,1773620381487),(31,5,41,1,3,10,85.00,1773620381487,1773620381487),(32,5,60,2,3,10,30.00,1773620381487,1773620381487),(33,5,47,7,3,12,110.00,1773620381487,1773620381487),(34,5,67,9,3,10,50.00,1773620381487,1773620381487);
/*!40000 ALTER TABLE `routine_exercises` ENABLE KEYS */;
UNLOCK TABLES;

--
-- Table structure for table `routines`
--

DROP TABLE IF EXISTS `routines`;
/*!40101 SET @saved_cs_client     = @@character_set_client */;
/*!50503 SET character_set_client = utf8mb4 */;
CREATE TABLE `routines` (
  `id` bigint unsigned NOT NULL AUTO_INCREMENT,
  `user_id` bigint unsigned NOT NULL,
  `name` varchar(255) NOT NULL,
  `description` text,
  `created_at` bigint unsigned DEFAULT NULL,
  `updated_at` bigint unsigned DEFAULT NULL,
  PRIMARY KEY (`id`),
  KEY `idx_user_id` (`user_id`)
) ENGINE=InnoDB AUTO_INCREMENT=6 DEFAULT CHARSET=utf8mb4 COLLATE=utf8mb4_0900_ai_ci;
/*!40101 SET character_set_client = @saved_cs_client */;

--
-- Dumping data for table `routines`
--

LOCK TABLES `routines` WRITE;
/*!40000 ALTER TABLE `routines` DISABLE KEYS */;
INSERT INTO `routines` VALUES (2,1,'Lower Body A - Monday','Lower body: Back Ext, Roc It, Leg Press, Leg Curl, Leg Ext, Hip Thrust, BW Squats, Core. Week 1 weights.',1773620247333,1773620247333),(3,1,'Upper Push - Tuesday','Push day: Back Ext, Roc It, Chest Press, Converging Press, Pec Fly, Shoulder Press, Lateral Raise, Dips, Tricep Ext.',1773620247333,1773620247333),(4,1,'Lower Body B - Thursday','Lower body progression: Same as Monday but +5lbs on Leg Press, Leg Curl, Leg Ext, Hip Thrust, Back Ext.',1773620247333,1773620247333),(5,1,'Upper Pull - Friday','Pull day: Back Ext, Roc It, Barbell Row, Seated Row, Lat Pulldown, Shrug, Bicep Curl, Arm Curl.',1773620247333,1773620247333);
/*!40000 ALTER TABLE `routines` ENABLE KEYS */;
UNLOCK TABLES;

--
-- Table structure for table `users`
--

DROP TABLE IF EXISTS `users`;
/*!40101 SET @saved_cs_client     = @@character_set_client */;
/*!50503 SET character_set_client = utf8mb4 */;
CREATE TABLE `users` (
  `id` bigint unsigned NOT NULL AUTO_INCREMENT,
  `name` varchar(255) NOT NULL,
  `email` varchar(255) NOT NULL,
  `email_verified_at` timestamp NULL DEFAULT NULL,
  `password` varchar(255) NOT NULL,
  `remember_token` varchar(100) DEFAULT NULL,
  `created_at` timestamp NULL DEFAULT NULL,
  `updated_at` timestamp NULL DEFAULT NULL,
  PRIMARY KEY (`id`),
  UNIQUE KEY `email` (`email`)
) ENGINE=InnoDB AUTO_INCREMENT=3 DEFAULT CHARSET=utf8mb4 COLLATE=utf8mb4_0900_ai_ci;
/*!40101 SET character_set_client = @saved_cs_client */;

--
-- Dumping data for table `users`
--

LOCK TABLES `users` WRITE;
/*!40000 ALTER TABLE `users` DISABLE KEYS */;
INSERT INTO `users` VALUES (1,'Meep','wesleympennock@gmail.com',NULL,'$2y$12$8Nj7q6rShrAoCmHJDmz6wu/8ygnT2K9Y3S0a0NgCPXv2NzAblkcDa',NULL,'2026-03-12 23:55:25','2026-03-16 22:52:32'),(2,'Meep','meep@workout.local',NULL,'$2y$12$wtuCQyk39.4ELL5vkkgJ2ugcV/3/ipcIuhPWbxRRDVynEJjvDekfm',NULL,'0000-00-00 00:00:00','0000-00-00 00:00:00');
/*!40000 ALTER TABLE `users` ENABLE KEYS */;
UNLOCK TABLES;

--
-- Table structure for table `workout_sets`
--

DROP TABLE IF EXISTS `workout_sets`;
/*!40101 SET @saved_cs_client     = @@character_set_client */;
/*!50503 SET character_set_client = utf8mb4 */;
CREATE TABLE `workout_sets` (
  `id` bigint unsigned NOT NULL AUTO_INCREMENT,
  `workout_id` bigint unsigned NOT NULL,
  `exercise_id` bigint unsigned NOT NULL,
  `set_number` int NOT NULL,
  `reps` int DEFAULT NULL,
  `weight` decimal(8,2) DEFAULT NULL,
  `completed_at` bigint unsigned DEFAULT NULL,
  `created_at` bigint unsigned DEFAULT NULL,
  `updated_at` bigint unsigned DEFAULT NULL,
  PRIMARY KEY (`id`),
  KEY `idx_workout_id` (`workout_id`),
  KEY `idx_exercise_id` (`exercise_id`)
) ENGINE=InnoDB AUTO_INCREMENT=618 DEFAULT CHARSET=utf8mb4 COLLATE=utf8mb4_0900_ai_ci;
/*!40101 SET character_set_client = @saved_cs_client */;

--
-- Dumping data for table `workout_sets`
--

LOCK TABLES `workout_sets` WRITE;
/*!40000 ALTER TABLE `workout_sets` DISABLE KEYS */;
INSERT INTO `workout_sets` VALUES (230,1,5,1,30,180.00,1763726400000,1773363134000,1773363134000),(231,1,42,1,30,70.00,1763726400000,1773363134000,1773363134000),(232,1,56,1,30,70.00,1763726400000,1773363134000,1773363134000),(233,2,41,1,10,100.00,1764244800000,1773363134000,1773363134000),(234,2,42,1,10,180.00,1764244800000,1773363134000,1773363134000),(235,2,42,2,7,180.00,1764244800000,1773363134000,1773363134000),(236,2,42,3,7,180.00,1764244800000,1773363134000,1773363134000),(237,2,12,1,7,50.00,1764244800000,1773363134000,1773363134000),(238,2,12,2,7,50.00,1764244800000,1773363134000,1773363134000),(239,2,36,1,7,50.00,1764244800000,1773363134000,1773363134000),(240,2,36,2,7,50.00,1764244800000,1773363134000,1773363134000),(241,3,4,1,10,100.00,1764590400000,1773363134000,1773363134000),(242,3,4,2,10,100.00,1764590400000,1773363134000,1773363134000),(243,3,7,1,10,70.00,1764590400000,1773363134000,1773363134000),(244,3,7,2,10,50.00,1764590400000,1773363134000,1773363134000),(245,3,29,1,10,50.00,1764590400000,1773363134000,1773363134000),(246,3,29,2,10,50.00,1764590400000,1773363134000,1773363134000),(247,3,11,1,10,70.00,1764590400000,1773363134000,1773363134000),(248,3,11,2,10,70.00,1764590400000,1773363134000,1773363134000),(249,4,8,1,10,180.00,1764676800000,1773363134000,1773363134000),(250,4,20,1,10,100.00,1764676800000,1773363134000,1773363134000),(251,4,7,1,10,70.00,1764676800000,1773363134000,1773363134000),(252,4,7,2,10,70.00,1764676800000,1773363134000,1773363134000),(253,4,37,1,10,50.00,1764676800000,1773363134000,1773363134000),(254,4,37,2,10,50.00,1764676800000,1773363134000,1773363134000),(255,4,37,3,10,50.00,1764676800000,1773363134000,1773363134000),(256,4,37,1,10,50.00,1764676800000,1773363134000,1773363134000),(257,4,37,2,15,50.00,1764676800000,1773363134000,1773363134000),(258,4,35,1,10,85.00,1764676800000,1773363134000,1773363134000),(259,4,35,2,10,85.00,1764676800000,1773363134000,1773363134000),(260,5,4,1,15,115.00,1764849600000,1773363134000,1773363134000),(261,5,7,1,10,70.00,1764849600000,1773363134000,1773363134000),(262,5,7,2,15,70.00,1764849600000,1773363134000,1773363134000),(263,5,36,1,10,70.00,1764849600000,1773363134000,1773363134000),(264,5,36,2,10,70.00,1764849600000,1773363134000,1773363134000),(265,5,11,1,10,70.00,1764849600000,1773363134000,1773363134000),(266,5,11,2,10,70.00,1764849600000,1773363134000,1773363134000),(267,6,4,1,15,115.00,1765195200000,1773363134000,1773363134000),(268,6,7,1,10,70.00,1765195200000,1773363134000,1773363134000),(269,6,7,2,15,50.00,1765195200000,1773363134000,1773363134000),(270,6,37,1,10,50.00,1765195200000,1773363134000,1773363134000),(271,6,37,2,10,50.00,1765195200000,1773363134000,1773363134000),(272,6,36,1,10,50.00,1765195200000,1773363134000,1773363134000),(273,6,36,2,10,50.00,1765195200000,1773363134000,1773363134000),(274,6,35,1,10,50.00,1765195200000,1773363134000,1773363134000),(275,6,35,2,10,50.00,1765195200000,1773363134000,1773363134000),(276,7,4,1,10,115.00,1765368000000,1773363134000,1773363134000),(277,7,4,2,10,115.00,1765368000000,1773363134000,1773363134000),(278,7,29,1,10,70.00,1765368000000,1773363134000,1773363134000),(279,7,29,2,10,70.00,1765368000000,1773363134000,1773363134000),(280,7,11,1,10,70.00,1765368000000,1773363134000,1773363134000),(281,7,11,2,10,70.00,1765368000000,1773363134000,1773363134000),(282,7,38,1,10,40.00,1765368000000,1773363134000,1773363134000),(283,7,39,1,15,50.00,1765368000000,1773363134000,1773363134000),(284,7,40,1,10,40.00,1765368000000,1773363134000,1773363134000),(285,7,40,2,10,40.00,1765368000000,1773363134000,1773363134000),(286,7,35,1,10,70.00,1765368000000,1773363134000,1773363134000),(287,7,35,2,15,50.00,1765368000000,1773363134000,1773363134000),(288,8,41,1,20,115.00,1765540800000,1773363134000,1773363134000),(289,8,41,2,10,130.00,1765540800000,1773363134000,1773363134000),(290,8,29,1,30,70.00,1765540800000,1773363134000,1773363134000),(291,8,29,2,10,80.00,1765540800000,1773363134000,1773363134000),(292,8,37,1,10,70.00,1765540800000,1773363134000,1773363134000),(293,8,37,2,10,90.00,1765540800000,1773363134000,1773363134000),(294,8,35,1,20,70.00,1765540800000,1773363134000,1773363134000),(295,8,37,1,15,55.00,1765540800000,1773363134000,1773363134000),(296,8,42,1,10,70.00,1765540800000,1773363134000,1773363134000),(297,8,42,2,8,60.00,1765540800000,1773363134000,1773363134000),(298,8,40,1,10,60.00,1765540800000,1773363134000,1773363134000),(299,8,40,2,10,50.00,1765540800000,1773363134000,1773363134000),(300,9,43,1,20,70.00,1765800000000,1773363134000,1773363134000),(301,9,35,1,15,70.00,1765800000000,1773363134000,1773363134000),(302,9,45,1,25,30.00,1765800000000,1773363134000,1773363134000),(303,9,16,1,15,30.00,1765800000000,1773363134000,1773363134000),(304,9,42,1,20,50.00,1765800000000,1773363134000,1773363134000),(305,9,47,1,15,50.00,1765800000000,1773363134000,1773363134000),(306,10,41,1,10,130.00,1765972800000,1773363134000,1773363134000),(307,10,41,2,10,130.00,1765972800000,1773363134000,1773363134000),(308,10,7,1,10,70.00,1765972800000,1773363134000,1773363134000),(309,10,7,2,10,70.00,1765972800000,1773363134000,1773363134000),(310,10,29,1,15,80.00,1765972800000,1773363134000,1773363134000),(311,10,37,1,10,90.00,1765972800000,1773363134000,1773363134000),(312,10,37,2,15,70.00,1765972800000,1773363134000,1773363134000),(313,10,35,1,10,70.00,1765972800000,1773363134000,1773363134000),(314,10,35,2,10,70.00,1765972800000,1773363134000,1773363134000),(315,10,35,3,10,70.00,1765972800000,1773363134000,1773363134000),(316,10,5,1,10,383.00,1765972800000,1773363134000,1773363134000),(317,10,5,2,5,428.00,1765972800000,1773363134000,1773363134000),(318,10,38,1,10,40.00,1765972800000,1773363134000,1773363134000),(319,10,47,1,15,50.00,1765972800000,1773363134000,1773363134000),(320,10,35,1,15,70.00,1765972800000,1773363134000,1773363134000),(321,10,43,1,20,70.00,1765972800000,1773363134000,1773363134000),(322,11,41,1,12,115.00,1766318400000,1773363134000,1773363134000),(323,11,41,2,12,115.00,1766318400000,1773363134000,1773363134000),(324,11,41,3,12,115.00,1766318400000,1773363134000,1773363134000),(325,11,49,1,5,20.00,1766318400000,1773363134000,1773363134000),(326,11,49,2,5,30.00,1766318400000,1773363134000,1773363134000),(327,11,49,3,5,40.00,1766318400000,1773363134000,1773363134000),(328,11,37,1,12,55.00,1766318400000,1773363134000,1773363134000),(329,11,37,2,12,55.00,1766318400000,1773363134000,1773363134000),(330,11,35,1,10,70.00,1766318400000,1773363134000,1773363134000),(331,11,35,2,10,70.00,1766318400000,1773363134000,1773363134000),(332,11,35,3,10,70.00,1766318400000,1773363134000,1773363134000),(333,11,40,1,10,40.00,1766318400000,1773363134000,1773363134000),(334,11,40,2,10,40.00,1766318400000,1773363134000,1773363134000),(335,11,40,3,10,40.00,1766318400000,1773363134000,1773363134000),(336,11,40,4,50,5.00,1766318400000,1773363134000,1773363134000),(337,12,50,1,12,80.00,1766404800000,1773363134000,1773363134000),(338,12,50,2,12,80.00,1766404800000,1773363134000,1773363134000),(339,12,50,3,12,80.00,1766404800000,1773363134000,1773363134000),(340,12,11,1,12,70.00,1766404800000,1773363134000,1773363134000),(341,12,11,2,12,70.00,1766404800000,1773363134000,1773363134000),(342,12,11,3,12,70.00,1766404800000,1773363134000,1773363134000),(343,12,51,1,12,70.00,1766404800000,1773363134000,1773363134000),(344,12,51,2,12,70.00,1766404800000,1773363134000,1773363134000),(345,12,51,3,12,50.00,1766404800000,1773363134000,1773363134000),(346,13,52,1,12,45.00,1766491200000,1773363134000,1773363134000),(347,13,52,2,12,55.00,1766491200000,1773363134000,1773363134000),(348,13,52,3,12,65.00,1766491200000,1773363134000,1773363134000),(349,13,42,1,12,60.00,1766491200000,1773363134000,1773363134000),(350,13,42,2,12,60.00,1766491200000,1773363134000,1773363134000),(351,13,42,3,12,60.00,1766491200000,1773363134000,1773363134000),(352,13,53,1,15,70.00,1766491200000,1773363134000,1773363134000),(353,13,53,2,15,70.00,1766491200000,1773363134000,1773363134000),(354,13,53,3,15,70.00,1766491200000,1773363134000,1773363134000),(355,14,11,1,12,70.00,1766750400000,1773363134000,1773363134000),(356,14,11,2,12,70.00,1766750400000,1773363134000,1773363134000),(357,14,11,3,12,70.00,1766750400000,1773363134000,1773363134000),(358,14,54,1,12,30.00,1766750400000,1773363134000,1773363134000),(359,14,54,2,12,30.00,1766750400000,1773363134000,1773363134000),(360,15,41,1,15,110.00,1767009600000,1773363134000,1773363134000),(361,15,41,2,15,110.00,1767009600000,1773363134000,1773363134000),(362,15,55,1,12,70.00,1767009600000,1773363134000,1773363134000),(363,15,55,2,12,70.00,1767009600000,1773363134000,1773363134000),(364,15,55,3,12,70.00,1767009600000,1773363134000,1773363134000),(365,15,35,1,15,70.00,1767009600000,1773363134000,1773363134000),(366,15,35,2,15,70.00,1767009600000,1773363134000,1773363134000),(367,16,22,1,10,22.00,1767873600000,1773363134000,1773363134000),(368,16,22,2,10,22.00,1767873600000,1773363134000,1773363134000),(369,16,22,3,10,22.00,1767873600000,1773363134000,1773363134000),(370,16,23,1,10,22.00,1767873600000,1773363134000,1773363134000),(371,16,23,2,10,22.00,1767873600000,1773363134000,1773363134000),(372,16,23,3,10,22.00,1767873600000,1773363134000,1773363134000),(373,16,18,1,10,10.00,1767873600000,1773363134000,1773363134000),(374,16,18,2,10,10.00,1767873600000,1773363134000,1773363134000),(375,16,18,3,10,10.00,1767873600000,1773363134000,1773363134000),(376,16,19,1,10,10.00,1767873600000,1773363134000,1773363134000),(377,16,19,2,10,10.00,1767873600000,1773363134000,1773363134000),(378,16,19,3,10,10.00,1767873600000,1773363134000,1773363134000),(379,16,26,1,10,10.00,1767873600000,1773363134000,1773363134000),(380,16,26,2,10,10.00,1767873600000,1773363134000,1773363134000),(381,16,26,3,10,10.00,1767873600000,1773363134000,1773363134000),(382,17,26,1,8,90.00,1769428800000,1773363134000,1773363134000),(383,17,26,2,8,90.00,1769428800000,1773363134000,1773363134000),(384,17,26,3,8,80.00,1769428800000,1773363134000,1773363134000),(385,17,36,1,10,60.00,1769428800000,1773363134000,1773363134000),(386,17,36,2,10,70.00,1769428800000,1773363134000,1773363134000),(387,17,36,3,10,70.00,1769428800000,1773363134000,1773363134000),(388,17,47,1,5,125.00,1769428800000,1773363134000,1773363134000),(389,17,47,2,5,115.00,1769428800000,1773363134000,1773363134000),(390,17,47,3,5,100.00,1769428800000,1773363134000,1773363134000),(391,17,29,1,16,60.00,1769428800000,1773363134000,1773363134000),(392,17,29,2,10,60.00,1769428800000,1773363134000,1773363134000),(393,17,5,1,12,283.00,1769428800000,1773363134000,1773363134000),(394,17,5,2,10,283.00,1769428800000,1773363134000,1773363134000),(395,17,41,1,10,70.00,1769428800000,1773363134000,1773363134000),(396,18,40,1,13,55.00,1769601600000,1773363134000,1773363134000),(397,18,40,2,10,50.00,1769601600000,1773363134000,1773363134000),(398,18,47,1,12,100.00,1769601600000,1773363134000,1773363134000),(399,18,47,2,10,90.00,1769601600000,1773363134000,1773363134000),(400,18,36,1,12,60.00,1769601600000,1773363134000,1773363134000),(401,18,36,2,12,60.00,1769601600000,1773363134000,1773363134000),(402,18,36,3,12,60.00,1769601600000,1773363134000,1773363134000),(403,18,29,1,10,75.00,1769601600000,1773363134000,1773363134000),(404,18,29,2,10,70.00,1769601600000,1773363134000,1773363134000),(405,18,16,1,6,40.00,1769601600000,1773363134000,1773363134000),(406,18,16,2,10,30.00,1769601600000,1773363134000,1773363134000),(407,19,26,1,12,30.00,1769731260000,1773363134000,1773363134000),(408,19,26,2,12,30.00,1769731260000,1773363134000,1773363134000),(409,19,26,3,12,30.00,1769731260000,1773363134000,1773363134000),(410,19,16,1,12,60.00,1769731320000,1773363134000,1773363134000),(411,19,16,2,12,50.00,1769731320000,1773363134000,1773363134000),(412,19,16,3,12,50.00,1769731320000,1773363134000,1773363134000),(413,19,17,1,12,10.00,1769731380000,1773363134000,1773363134000),(414,19,17,2,12,10.00,1769731380000,1773363134000,1773363134000),(415,19,23,1,10,10.00,1769731440000,1773363134000,1773363134000),(416,19,23,2,6,10.00,1769731440000,1773363134000,1773363134000),(417,20,5,1,15,143.00,1769990460000,1773363134000,1773363134000),(418,20,5,2,15,143.00,1769990460000,1773363134000,1773363134000),(419,20,5,3,20,143.00,1769990460000,1773363134000,1773363134000),(420,20,35,1,20,40.00,1769990520000,1773363134000,1773363134000),(421,20,35,2,30,30.00,1769990520000,1773363134000,1773363134000),(422,20,35,3,20,30.00,1769990520000,1773363134000,1773363134000),(423,20,18,1,10,90.00,1769990580000,1773363134000,1773363134000),(424,20,18,2,12,80.00,1769990580000,1773363134000,1773363134000),(425,20,18,3,10,70.00,1769990580000,1773363134000,1773363134000),(426,20,41,1,16,85.00,1769990640000,1773363134000,1773363134000),(427,20,41,2,16,100.00,1769990640000,1773363134000,1773363134000),(428,21,37,1,10,60.00,1773100800000,1773363134000,1773363134000),(429,21,37,2,10,65.00,1773100860000,1773363134000,1773363134000),(430,21,16,1,10,40.00,1773100920000,1773363134000,1773363134000),(431,21,16,2,10,40.00,1773100980000,1773363134000,1773363134000),(432,21,16,3,10,40.00,1773101040000,1773363134000,1773363134000),(433,21,16,4,10,40.00,1773101100000,1773363134000,1773363134000),(434,21,16,5,10,40.00,1773101160000,1773363134000,1773363134000),(435,21,18,1,15,50.00,1773101220000,1773363134000,1773363134000),(436,21,18,2,15,50.00,1773101280000,1773363134000,1773363134000),(437,21,18,3,15,50.00,1773101340000,1773363134000,1773363134000),(438,21,26,1,20,45.00,1773101400000,1773363134000,1773363134000),(439,21,41,1,15,70.00,1773101460000,1773363134000,1773363134000),(440,21,29,1,10,78.00,1773101520000,1773363134000,1773363134000),(441,21,29,2,15,60.00,1773101580000,1773363134000,1773363134000),(442,21,29,3,15,60.00,1773101640000,1773363134000,1773363134000),(443,21,11,1,10,60.00,1773101700000,1773363134000,1773363134000),(444,22,41,1,10,75.00,1773187200000,1773363134000,1773363134000),(445,22,41,2,10,75.00,1773187260000,1773363134000,1773363134000),(446,22,41,3,10,75.00,1773187320000,1773363134000,1773363134000),(447,22,59,1,12,55.00,1773187380000,1773363134000,1773363134000),(448,22,59,2,12,55.00,1773187440000,1773363134000,1773363134000),(449,22,59,3,12,55.00,1773187500000,1773363134000,1773363134000),(450,22,5,1,12,145.00,1773187560000,1773363134000,1773363134000),(451,22,5,2,12,145.00,1773187620000,1773363134000,1773363134000),(452,22,5,3,12,145.00,1773187680000,1773363134000,1773363134000),(453,22,60,1,30,30.00,1773187740000,1773363134000,1773363134000),(454,22,63,1,12,65.00,1773187800000,1773363134000,1773363134000),(455,22,63,2,12,65.00,1773187860000,1773363134000,1773363134000),(456,22,63,3,12,65.00,1773187920000,1773363134000,1773363134000),(457,22,61,1,7,38.00,1773187980000,1773363134000,1773363134000),(458,22,61,2,9,23.00,1773188040000,1773363134000,1773363134000),(459,23,41,1,10,85.00,1741838400000,1773424683000,1773424683000),(460,23,41,2,10,85.00,1741839000000,1773424683000,1773424683000),(461,23,41,3,10,85.00,1741839600000,1773424683000,1773424683000),(462,23,60,1,30,30.00,1741840200000,1773424683000,1773424683000),(463,23,5,1,12,145.00,1741840800000,1773424683000,1773424683000),(464,23,5,2,12,145.00,1741841400000,1773424683000,1773424683000),(465,23,5,3,12,145.00,1741842000000,1773424683000,1773424683000),(466,23,63,1,12,70.00,1741842600000,1773424683000,1773424683000),(467,23,63,2,12,70.00,1741843200000,1773424683000,1773424683000),(468,23,63,3,12,70.00,1741843800000,1773424683000,1773424683000),(469,23,29,1,12,60.00,1741844400000,1773424683000,1773424683000),(470,23,29,2,12,60.00,1741845000000,1773424683000,1773424683000),(471,23,29,3,12,60.00,1741845600000,1773424683000,1773424683000),(472,23,61,1,12,38.00,1741846200000,1773424683000,1773424683000),(473,23,61,2,12,38.00,1741846800000,1773424683000,1773424683000),(474,23,16,1,12,45.00,1741847400000,1773424683000,1773424683000),(475,23,16,2,12,45.00,1741848000000,1773424683000,1773424683000),(476,24,41,1,10,85.00,1773497100000,1773518532,1773518532),(477,24,41,2,10,85.00,1773497280000,1773518532,1773518532),(478,24,41,3,10,85.00,1773497460000,1773518532,1773518532),(479,24,60,1,10,30.00,1773498000000,1773518532,1773518532),(480,24,60,2,10,30.00,1773498180000,1773518532,1773518532),(481,24,60,3,10,30.00,1773498360000,1773518532,1773518532),(482,24,60,4,20,45.00,1773498540000,1773518532,1773518532),(483,24,63,1,7,65.00,1773498900000,1773518532,1773518532),(484,24,63,2,10,45.00,1773499080000,1773518532,1773518532),(485,24,63,3,10,45.00,1773499260000,1773518532,1773518532),(486,24,64,1,10,55.00,1773499500000,1773518532,1773518532),(487,24,59,1,16,55.00,1773499800000,1773518532,1773518532),(488,24,59,2,12,55.00,1773499980000,1773518532,1773518532),(489,24,59,3,15,55.00,1773500160000,1773518532,1773518532),(490,24,59,4,10,55.00,1773500340000,1773518532,1773518532),(491,24,61,1,10,38.00,1773500700000,1773518532,1773518532),(492,24,61,2,10,38.00,1773500880000,1773518532,1773518532),(493,24,14,1,10,30.00,1773501120000,1773518532,1773518532),(494,24,14,2,10,30.00,1773501300000,1773518532,1773518532),(495,24,14,3,10,30.00,1773501480000,1773518532,1773518532),(496,24,65,1,10,45.00,1773501720000,1773518532,1773518532),(497,24,65,2,10,45.00,1773501900000,1773518532,1773518532),(498,24,65,3,10,45.00,1773502080000,1773518532,1773518532),(499,24,16,1,20,30.00,1773502320000,1773518532,1773518532),(500,24,16,2,20,30.00,1773502500000,1773518532,1773518532),(501,24,16,3,20,30.00,1773502680000,1773518532,1773518532),(502,24,66,1,15,50.00,1773502920000,1773518532,1773518532),(503,24,66,2,15,50.00,1773503100000,1773518532,1773518532),(504,24,66,3,15,50.00,1773503280000,1773518532,1773518532),(505,24,66,4,15,50.00,1773503460000,1773518532,1773518532),(506,24,26,1,12,85.00,1773503700000,1773518532,1773518532),(507,24,26,2,12,85.00,1773503880000,1773518532,1773518532),(508,24,26,3,12,85.00,1773504060000,1773518532,1773518532),(509,24,67,1,10,50.00,1773504300000,1773518532,1773518532),(510,24,67,2,10,50.00,1773504480000,1773518532,1773518532),(511,24,67,3,10,50.00,1773504660000,1773518532,1773518532),(512,24,37,1,10,30.00,1773504900000,1773518532,1773518532),(513,24,37,2,10,30.00,1773505080000,1773518532,1773518532),(514,24,37,3,10,30.00,1773505260000,1773518532,1773518532),(515,24,35,1,10,25.00,1773505500000,1773518532,1773518532),(516,24,35,2,10,25.00,1773505680000,1773518532,1773518532),(517,24,35,3,10,25.00,1773505860000,1773518532,1773518532),(518,25,41,1,10,90.00,1752688800000,0,0),(519,25,41,2,10,90.00,1752688800000,0,0),(520,25,41,3,10,90.00,1752688800000,0,0),(521,25,41,4,10,90.00,1752688800000,0,0),(522,25,60,1,10,45.00,1752688800000,0,0),(523,25,60,2,10,45.00,1752688800000,0,0),(524,25,60,3,10,45.00,1752688800000,0,0),(525,25,60,4,10,45.00,1752688800000,0,0),(526,25,5,1,10,150.00,1752688800000,0,0),(527,25,5,2,10,150.00,1752688800000,0,0),(528,25,5,3,10,150.00,1752688800000,0,0),(529,25,5,4,10,150.00,1752688800000,0,0),(530,25,7,1,12,70.00,1752688800000,0,0),(531,25,7,2,12,70.00,1752688800000,0,0),(532,25,7,3,12,70.00,1752688800000,0,0),(533,25,42,1,12,70.00,1752688800000,0,0),(534,25,42,2,12,70.00,1752688800000,0,0),(535,25,42,3,12,70.00,1752688800000,0,0),(536,25,37,1,12,35.00,1752688800000,0,0),(537,25,37,2,12,35.00,1752688800000,0,0),(538,25,37,3,12,35.00,1752688800000,0,0),(539,25,37,4,12,35.00,1752688800000,0,0),(540,25,35,1,12,40.00,1752688800000,0,0),(541,25,35,2,12,40.00,1752688800000,0,0),(542,25,35,3,12,40.00,1752688800000,0,0),(589,37,41,0,10,90.00,NULL,1773786832000,NULL),(590,37,41,0,10,90.00,NULL,1773786832000,NULL),(591,37,41,0,10,90.00,NULL,1773786832000,NULL),(592,37,41,0,10,100.00,NULL,1773786832000,NULL),(593,37,60,0,10,65.00,NULL,1773786832000,NULL),(594,37,60,0,20,65.00,NULL,1773786832000,NULL),(595,37,60,0,10,45.00,NULL,1773786832000,NULL),(596,37,26,0,10,85.00,NULL,1773786832000,NULL),(597,37,26,0,10,85.00,NULL,1773786832000,NULL),(598,37,26,0,7,105.00,NULL,1773786832000,NULL),(599,37,26,0,7,105.00,NULL,1773786832000,NULL),(600,37,59,0,10,70.00,NULL,1773786832000,NULL),(601,37,59,0,10,70.00,NULL,1773786832000,NULL),(602,37,59,0,10,70.00,NULL,1773786832000,NULL),(603,37,59,0,10,70.00,NULL,1773786832000,NULL),(604,37,63,0,10,65.00,NULL,1773786832000,NULL),(605,37,63,0,10,65.00,NULL,1773786832000,NULL),(606,37,63,0,10,65.00,NULL,1773786832000,NULL),(607,37,66,0,20,60.00,NULL,1773786832000,NULL),(608,37,66,0,15,70.00,NULL,1773786832000,NULL),(609,37,61,0,10,58.00,NULL,1773786832000,NULL),(610,38,5,1,NULL,NULL,NULL,1773788545397,1773788545397),(611,38,7,1,NULL,NULL,NULL,1773788545397,1773788545397),(612,38,41,1,NULL,NULL,NULL,1773788545397,1773788545397),(613,38,42,1,NULL,NULL,NULL,1773788545397,1773788545397),(614,38,60,1,NULL,NULL,NULL,1773788545397,1773788545397),(615,38,35,1,NULL,NULL,NULL,1773788545397,1773788545397),(616,38,37,1,NULL,NULL,NULL,1773788545397,1773788545397),(617,38,49,1,NULL,NULL,NULL,1773788545397,1773788545397);
/*!40000 ALTER TABLE `workout_sets` ENABLE KEYS */;
UNLOCK TABLES;

--
-- Table structure for table `workouts`
--

DROP TABLE IF EXISTS `workouts`;
/*!40101 SET @saved_cs_client     = @@character_set_client */;
/*!50503 SET character_set_client = utf8mb4 */;
CREATE TABLE `workouts` (
  `id` bigint unsigned NOT NULL AUTO_INCREMENT,
  `user_id` bigint unsigned NOT NULL,
  `started_at` bigint unsigned NOT NULL,
  `ended_at` bigint unsigned DEFAULT NULL,
  `notes` text,
  `created_at` bigint unsigned DEFAULT NULL,
  `updated_at` bigint unsigned DEFAULT NULL,
  PRIMARY KEY (`id`),
  KEY `idx_user_id` (`user_id`),
  KEY `idx_started_at` (`started_at`)
) ENGINE=InnoDB AUTO_INCREMENT=39 DEFAULT CHARSET=utf8mb4 COLLATE=utf8mb4_0900_ai_ci;
/*!40101 SET character_set_client = @saved_cs_client */;

--
-- Dumping data for table `workouts`
--

LOCK TABLES `workouts` WRITE;
/*!40000 ALTER TABLE `workouts` DISABLE KEYS */;
INSERT INTO `workouts` VALUES (1,1,1763726400000,1763730000000,'Gym 11/21/25',1773363077000,1773363077000),(2,1,1764244800000,1764248400000,'Gym 11/27/25',1773363077000,1773363077000),(3,1,1764590400000,1764594000000,'Gym 12/01/25',1773363077000,1773363077000),(4,1,1764676800000,1764680400000,'Gym 12/02/25',1773363077000,1773363077000),(5,1,1764849600000,1764853200000,'Gym 12/04/25',1773363077000,1773363077000),(6,1,1765195200000,1765198800000,'Gym 12/08/25',1773363077000,1773363077000),(7,1,1765368000000,1765371600000,'Gym 12/10/25',1773363077000,1773363077000),(8,1,1765540800000,1765544400000,'Gym 12/12/25',1773363077000,1773363077000),(9,1,1765800000000,1765803600000,'Gym 12/15/25',1773363077000,1773363077000),(10,1,1765972800000,1765976400000,'Gym 12/17/25',1773363077000,1773363077000),(11,1,1766318400000,1766322000000,'Gym 12/21/25',1773363077000,1773363077000),(12,1,1766404800000,1766408400000,'Gym 12/22/25',1773363077000,1773363077000),(13,1,1766491200000,1766494800000,'Gym 12/23/25',1773363077000,1773363077000),(14,1,1766750400000,1766754000000,'Gym 12/26/25',1773363077000,1773363077000),(15,1,1767009600000,1767013200000,'Gym 12/29/25',1773363077000,1773363077000),(16,1,1767873600000,1767877200000,'Gym 01/08/26',1773363077000,1773363077000),(17,1,1769428800000,1769432400000,'Gym 01/26/26',1773363077000,1773363077000),(18,1,1769601600000,1769605200000,'Gym 01/28/26',1773363077000,1773363077000),(19,1,1769731200000,1769734800000,'Gym 01/30/26',1773363077000,1773363077000),(20,1,1769990400000,1769994000000,'Gym 02/02/26',1773363077000,1773363077000),(21,1,1773100800000,1773104400000,'Gym 03/10/26',1773363077000,1773363077000),(22,1,1773187200000,1773190800000,'Full body - back safe',1773363077000,1773363077000),(23,1,1773364800000,1773368400000,'Gym 03/13/26',1773424683000,1773424683000),(24,1,1773496800000,1773506100000,'Full body workout - Back, Chest, Shoulders, Arms, Core',1773518486,1773518486),(25,1,1773680400000,1773684000000,'Gym 3/16/26',1773700256000,1773700256000),(37,1,1773768600000,1773779400000,'Full body - lower back focus',NULL,NULL),(38,1,1773788545397,NULL,NULL,1773788545397,1773788545397);
/*!40000 ALTER TABLE `workouts` ENABLE KEYS */;
UNLOCK TABLES;
/*!40103 SET TIME_ZONE=@OLD_TIME_ZONE */;

/*!40101 SET SQL_MODE=@OLD_SQL_MODE */;
/*!40014 SET FOREIGN_KEY_CHECKS=@OLD_FOREIGN_KEY_CHECKS */;
/*!40014 SET UNIQUE_CHECKS=@OLD_UNIQUE_CHECKS */;
/*!40101 SET CHARACTER_SET_CLIENT=@OLD_CHARACTER_SET_CLIENT */;
/*!40101 SET CHARACTER_SET_RESULTS=@OLD_CHARACTER_SET_RESULTS */;
/*!40101 SET COLLATION_CONNECTION=@OLD_COLLATION_CONNECTION */;
/*!40111 SET SQL_NOTES=@OLD_SQL_NOTES */;

-- Dump completed on 2026-03-18 15:53:03
